Headword (Family),List Level,Occurrences
the,1k,1646
be,1k,1129
she,1k,883
and,1k,867
to,1k,725
a,1k,693
it,1k,663
i,1k,659
say,1k,530
of,1k,512
you,1k,468
in,1k,368
have,1k,360
not,1k,355
that,1k,310
they,1k,297
he,1k,265
do,1k,264
as,1k,263
at,1k,211
on,1k,193
with,1k,180
go,1k,180
all,1k,179
but,1k,170
for,1k,153
so,1k,152
this,1k,144
think,1k,140
what,1k,136
no,1k,133
very,1k,130
little,1k,127
out,1k,116
get,1k,113
know,1k,107
down,1k,105
one,1k,103
look,1k,103
there,1k,98
up,1k,98
see,1k,97
come,1k,97
if,1k,96
begin,1k,95
about,1k,94
then,1k,93
would,1k,91
will,1k,86
like,1k,85
could,1k,83
again,1k,83
some,1k,82
when,1k,80
thing,1k,79
or,1k,77
queen,1k,77
make,1k,76
time,1k,74
off,1k,73
who,1k,68
into,1k,67
how,1k,67
king,1k,64
turtle,5k,61
well,1k,60
head,1k,60
can,1k,60
any,1k,60
now,1k,60
hat,1k,58
by,1k,58
find,1k,57
mock,4k,57
take,1k,56
we,1k,56
gryphon,21k,55
way,1k,54
quite,1k,53
just,1k,52
much,1k,51
first,1k,51
voice,1k,51
only,1k,50
cat,1k,50
here,1k,49
which,1k,49
rabbit,1k,49
more,1k,48
hear,1k,48
other,1k,47
mouse,2k,47
never,1k,45
try,1k,45
after,1k,44
tell,1k,42
duchess,7k,42
two,1k,42
tone,2k,42
turn,1k,41
large,1k,41
such,1k,41
round,1k,41
must,1k,41
over,1k,40
why,1k,40
feel,1k,40
seem,1k,40
dormouse,17k,40
great,1k,39
back,1k,39
speak,1k,38
from,1k,37
before,1k,37
eye,1k,36
long,1k,36
hand,1k,35
sit,1k,35
use,1k,35
reply,1k,34
put,1k,34
march,2k,34
last,1k,34
once,1k,34
every,1k,33
ask,1k,33
right,1k,32
minute,1k,32
should,1k,32
grow,1k,32
dear,1k,32
door,1k,32
moment,1k,31
hare,6k,31
near,1k,31
word,1k,31
talk,1k,31
shall,1k,31
next,1k,30
give,1k,30
white,1k,30
caterpillar,7k,29
day,1k,29
foot,1k,29
wonder,1k,28
mean,1k,28
might,1k,28
run,1k,28
remark,2k,28
win,1k,27
soon,1k,27
poor,1k,27
please,1k,27
three,1k,26
change,1k,26
without,1k,26
too,1k,26
keep,1k,26
upon,1k,26
cry,1k,26
rather,1k,25
course,1k,25
away,1k,25
call,1k,25
while,1k,25
hurry,1k,25
add,1k,24
yet,1k,24
than,1k,24
chapter,2k,24
curious,2k,24
sure,1k,24
good,1k,24
same,1k,24
garden,1k,23
sort,1k,23
eat,1k,22
old,1k,22
let,1k,22
another,1k,22
child,1k,21
happen,1k,21
wait,1k,21
till,1k,21
side,1k,21
wish,1k,21
question,1k,21
half,1k,21
open,1k,20
walk,1k,20
ever,1k,20
remember,1k,20
repeat,2k,20
however,1k,20
face,1k,20
end,1k,19
fall,1k,19
execute,3k,19
house,1k,19
write,1k,19
even,1k,18
arm,1k,18
enough,1k,18
bill,1k,18
sudden,1k,18
finish,1k,18
table,1k,18
live,1k,17
high,1k,17
anxious,2k,17
jury,3k,17
haste,4k,17
soup,2k,17
hold,1k,17
perhaps,1k,17
certain,1k,17
court,1k,17
where,1k,17
indeed,1k,16
under,1k,16
leave,1k,16
left,1k,16
beauty,1k,16
bit,1k,16
mad,1k,16
because,1k,15
dance,1k,15
small,1k,15
air,1k,15
play,1k,15
lobster,6k,15
set,1k,15
idea,1k,15
want,1k,15
close,1k,15
low,1k,14
read,1k,14
game,1k,14
size,1k,14
creature,2k,14
notice,1k,14
puzzle,3k,14
mouth,1k,14
stand,1k,14
far,1k,14
answer,1k,14
silence,2k,14
ought,1k,14
better,1k,14
explain,1k,14
both,1k,14
suppose,1k,14
angry,1k,14
always,1k,13
whole,1k,13
tea,1k,13
baby,1k,13
through,1k,13
shake,1k,13
cook,1k,13
dodo,15k,13
watch,1k,13
may,1k,13
draw,1k,13
really,1k,13
sound,1k,13
follow,1k,13
forget,1k,13
sea,1k,13
still,1k,13
people,1k,13
room,1k,13
behind,1k,13
mind,1k,13
yes,1k,13
tail,1k,12
footman,12k,12
deal,1k,12
pigeon,5k,12
timid,7k,12
hardly,1k,12
bird,1k,12
serpent,8k,12
tree,1k,12
fan,2k,12
surprise,1k,12
appear,1k,12
sing,1k,12
confuse,2k,12
majesty,5k,12
else,1k,12
interrupt,2k,12
listen,1k,12
name,1k,12
sigh,3k,12
join,1k,12
tear,1k,12
pool,2k,12
learn,1k,12
among,1k,12
deep,1k,12
afraid,1k,12
many,1k,12
manage,1k,12
glove,4k,11
slate,5k,11
offend,3k,11
swim,1k,11
sister,1k,11
sleep,1k,11
whether,1k,11
eager,3k,11
though,1k,11
lesson,2k,11
twinkle,7k,11
life,1k,11
five,1k,11
place,1k,11
conversation,1k,11
shout,1k,11
move,1k,11
glad,1k,11
help,1k,11
soldier,2k,11
grin,2k,11
sneeze,8k,11
pig,2k,11
matter,1k,11
reason,1k,11
trial,2k,11
ear,1k,11
queer,7k,11
heart,1k,10
dry,1k,10
lie,1k,10
witness,2k,10
late,1k,10
important,1k,10
stop,1k,10
believe,1k,10
fancy,2k,10
either,1k,10
dream,1k,10
general,1k,10
sharp,2k,10
break,1k,10
best,1k,10
most,1k,10
fright,1k,10
drink,1k,10
sight,1k,10
rest,1k,10
own,1k,10
consider,1k,10
bottle,1k,10
jump,1k,10
loud,1k,10
hedgehog,10k,10
least,1k,9
mark,1k,9
bring,1k,9
few,1k,9
sob,5k,9
against,1k,9
whisper,3k,9
together,1k,9
knave,13k,9
continue,1k,9
bright,1k,9
work,1k,9
story,1k,9
hall,1k,9
crowd,2k,9
different,1k,9
tremble,4k,9
hope,1k,9
ready,1k,9
key,1k,9
glass,1k,9
rate,1k,9
moral,3k,9
catch,1k,9
care,1k,9
wood,1k,9
top,1k,9
exact,1k,9
order,1k,9
each,1k,8
fact,1k,8
piece,1k,8
beg,2k,8
hard,1k,8
nose,1k,8
pepper,3k,8
tart,6k,8
evidence,2k,8
direction,2k,8
doubt,1k,8
carry,1k,8
book,1k,8
usual,1k,8
stupid,1k,8
slow,1k,8
mushroom,4k,8
distance,2k,8
whiting,10k,8
throw,1k,8
history,1k,8
opportunity,2k,8
become,1k,8
nice,1k,8
window,1k,8
comfort,1k,8
four,1k,8
simple,1k,8
party,1k,8
rule,1k,8
dreadful,5k,8
shoulder,1k,8
verse,4k,8
asleep,2k,8
sad,1k,8
delight,2k,7
chin,4k,7
subject,1k,7
gold,1k,7
kind,1k,7
fetch,2k,7
liked,1k,7
person,1k,7
deny,2k,7
middle,1k,7
sir,1k,7
adventure,2k,7
song,1k,7
hair,1k,7
lory,20k,7
pup,2k,7
girl,1k,7
flamingo,11k,7
nonsense,4k,7
send,1k,7
fast,1k,7
difficult,1k,7
tire,1k,7
argue,2k,7
exclaim,4k,7
shut,1k,7
bat,2k,7
shriek,6k,7
drop,1k,7
decide,1k,7
understand,1k,7
business,1k,7
chimney,5k,7
world,1k,7
solemn,5k,7
paw,6k,7
silent,3k,7
pardon,1k,7
neck,1k,7
quiet,1k,7
pass,1k,7
possible,1k,7
venture,3k,7
scream,2k,7
busy,1k,6
youth,3k,6
fold,2k,6
seven,1k,6
lay,1k,6
almost,1k,6
procession,5k,6
sentence,2k,6
lizard,6k,6
roof,2k,6
guess,1k,6
chorus,5k,6
prize,3k,6
melancholy,6k,6
meet,1k,6
ten,1k,6
stay,1k,6
hour,1k,6
father,1k,6
blow,1k,6
short,1k,6
full,1k,6
taste,1k,6
smile,1k,6
animal,1k,6
violent,2k,6
fun,1k,6
inch,2k,6
dog,1k,6
egg,1k,6
lead,1k,6
between,1k,6
polite,2k,6
growl,5k,6
beat,1k,6
croquet,11k,6
impatient,4k,6
cut,1k,6
nurse,1k,6
second,1k,6
along,1k,6
shoe,1k,6
interest,1k,6
fly,1k,6
picture,1k,6
trouble,1k,6
dish,2k,6
pair,1k,6
cake,1k,6
fish,1k,5
laugh,1k,5
cross,1k,5
bow,2k,5
judge,1k,5
instant,2k,5
water,1k,5
choke,4k,5
shrill,7k,5
point,1k,5
officer,1k,5
strange,1k,5
chance,1k,5
pity,2k,5
evening,1k,5
plate,2k,5
attend,2k,5
sulk,8k,5
juror,6k,5
clear,1k,5
thank,1k,5
cause,1k,5
number,1k,5
fellow,1k,5
easy,1k,5
dare,2k,5
dig,1k,5
young,1k,5
sorrow,5k,5
case,1k,5
knock,1k,5
temper,5k,5
vanish,4k,5
quick,1k,5
behead,10k,5
height,2k,5
altogether,2k,5
pocket,2k,5
friend,1k,5
teach,1k,5
finger,1k,5
ground,1k,5
shrink,4k,5
nervous,2k,5
across,1k,5
wrong,1k,5
reach,1k,5
indignant,6k,5
severe,3k,5
remain,2k,5
pick,1k,5
treacle,14k,5
nibble,7k,5
wander,2k,5
lock,1k,5
hot,1k,5
knee,2k,5
fear,1k,5
likely,2k,5
pack,1k,5
mile,1k,5
aloud,5k,5
show,1k,5
wave,1k,5
present,1k,5
corner,1k,5
grunt,5k,5
new,1k,5
clock,1k,5
figure,1k,5
stick,1k,5
lose,1k,5
arch,4k,5
plan,1k,5
settle,1k,5
home,1k,5
tale,2k,5
mutter,4k,5
kid,1k,5
suppress,4k,5
morning,1k,5
man,1k,5
until,1k,5
quadrille,20k,5
hookah,18k,5
twelve,1k,5
nine,1k,5
school,1k,5
often,1k,5
frown,4k,4
alas,6k,4
fill,1k,4
dark,1k,4
stretch,2k,4
except,1k,4
curl,2k,4
tiny,2k,4
tongue,2k,4
elbow,4k,4
kitchen,1k,4
thimble,14k,4
straight,1k,4
hoarse,7k,4
contempt,4k,4
capital,2k,4
peep,7k,4
telescope,4k,4
paper,1k,4
age,1k,4
real,1k,4
several,1k,4
beside,1k,4
grass,1k,4
earth,1k,4
less,1k,4
beau,8k,4
since,1k,4
cheer,2k,4
crumb,6k,4
encourage,2k,4
breath,1k,4
porpoise,11k,4
miss,1k,4
toss,3k,4
duck,2k,4
hang,1k,4
savage,4k,4
spread,2k,4
passage,3k,4
pale,3k,4
particular,1k,4
wash,1k,4
bank,1k,4
letter,1k,4
need,1k,4
honour,1k,4
week,1k,4
pinch,4k,4
wild,1k,4
none,1k,4
nature,1k,4
box,1k,4
noise,1k,4
fond,4k,4
verdict,4k,4
green,1k,4
expect,1k,4
bottom,1k,4
escape,2k,4
worth,1k,4
stuff,1k,4
boot,2k,4
yawn,6k,4
dead,1k,4
splash,4k,4
upset,2k,4
crash,2k,4
pat,4k,4
perfect,1k,4
quarrel,5k,4
pleasant,2k,4
press,1k,4
howl,5k,4
fortunate,1k,4
invite,2k,4
passion,3k,4
otherwise,2k,4
alone,1k,4
immediate,2k,4
rise,1k,4
sky,1k,4
prove,2k,4
butter,2k,4
burn,1k,4
music,1k,3
guest,2k,3
rub,2k,3
paint,1k,3
roses,4k,3
year,1k,3
civil,3k,3
promise,1k,3
rude,2k,3
waste,1k,3
account,2k,3
oblige,3k,3
instead,1k,3
check,1k,3
riddle,6k,3
breathe,2k,3
plead,4k,3
humble,4k,3
cautious,4k,3
wake,1k,3
gravely,7k,3
lady,1k,3
ease,2k,3
fury,5k,3
speech,2k,3
manner,2k,3
crab,5k,3
address,1k,3
bear,1k,3
prison,1k,3
below,1k,3
master,1k,3
kick,1k,3
succeed,3k,3
above,1k,3
feeble,6k,3
alarm,2k,3
squeak,6k,3
free,1k,3
choose,1k,3
sense,1k,3
love,1k,3
rattle,4k,3
swallow,2k,3
pray,2k,3
rush,2k,3
bark,2k,3
hungry,1k,3
faint,2k,3
lean,2k,3
smoke,1k,3
tortoise,8k,3
edge,1k,3
raise,1k,3
attempt,2k,3
happy,1k,3
line,1k,3
snail,7k,3
suit,1k,3
card,1k,3
wide,1k,3
toe,2k,3
mention,1k,3
hunt,1k,3
mistake,1k,3
proper,1k,3
hush,6k,3
boy,1k,3
advantage,2k,3
branch,2k,3
introduce,2k,3
courage,3k,3
advance,2k,3
tuck,4k,3
floor,1k,3
effect,2k,3
part,1k,3
fight,1k,3
instance,2k,3
stare,1k,3
livery,9k,3
alive,2k,3
grave,3k,3
leg,1k,3
trot,5k,3
return,1k,3
list,1k,3
panther,7k,3
accident,2k,3
share,1k,3
further,1k,3
doth,10k,3
candle,4k,3
stairs,2k,3
belong,2k,3
fire,1k,3
nor,2k,3
sign,1k,3
presented,1k,3
advise,2k,3
fit,1k,3
spectacle,4k,3
hedge,2k,3
tumble,4k,3
six,1k,3
allow,1k,3
whisker,8k,3
shore,2k,3
respect,2k,3
hurt,1k,3
yesterday,1k,3
night,1k,3
dull,4k,3
fur,2k,3
common,2k,3
patter,10k,3
kill,1k,3
owl,4k,3
worse,1k,3
jaw,2k,3
gentle,1k,3
knowledge,2k,3
pant,6k,3
grand,2k,3
beast,4k,3
shape,1k,3
label,3k,3
trumpet,5k,3
pause,2k,3
edition,3k,3
bend,2k,3
true,1k,3
notion,3k,3
declare,3k,3
neat,1k,3
lovely,1k,3
around,1k,3
advice,2k,3
steal,1k,3
crown,2k,3
slip,1k,3
fine,1k,2
desperate,2k,2
sun,1k,2
anger,2k,2
weak,2k,2
couple,1k,2
sell,1k,2
fling,4k,2
custody,4k,2
ashamed,1k,2
twist,2k,2
shilling,8k,2
choice,1k,2
missed,1k,2
thorough,3k,2
double,1k,2
ago,1k,2
murder,2k,2
fashion,2k,2
treat,1k,2
coax,7k,2
whistle,2k,2
startle,4k,2
worry,1k,2
ugly,1k,2
thistle,9k,2
regular,2k,2
relief,2k,2
extra,1k,2
claw,5k,2
pour,2k,2
ringlet,13k,2
proud,2k,2
neither,2k,2
shine,2k,2
lap,4k,2
extreme,2k,2
signify,5k,2
also,1k,2
twenty,1k,2
miserable,4k,2
heavy,1k,2
express,1k,2
pull,1k,2
wretch,6k,2
die,1k,2
fair,1k,2
unless,1k,2
annoy,2k,2
roll,1k,2
invent,3k,2
collect,1k,2
occasion,2k,2
directed,2k,2
cauldron,10k,2
tangle,4k,2
stir,2k,2
remove,2k,2
kneel,4k,2
mix,2k,2
kiss,1k,2
poison,2k,2
already,1k,2
idiot,2k,2
knife,2k,2
longing,4k,2
extraordinary,3k,2
within,1k,2
constant,2k,2
bed,1k,2
wise,2k,2
drive,1k,2
fountain,5k,2
cool,1k,2
dispute,3k,2
stamp,2k,2
furious,4k,2
row,2k,2
body,1k,2
bone,1k,2
thump,5k,2
doze,7k,2
imagine,1k,2
agree,1k,2
lasted,2k,2
earnest,5k,2
eel,8k,2
strike,1k,2
mustard,6k,2
clever,2k,2
truth,1k,2
bite,2k,2
ridge,4k,2
experiment,3k,2
latitude,6k,2
patient,2k,2
entire,2k,2
furrow,7k,2
crawl,2k,2
mere,3k,2
tall,1k,2
able,1k,2
squeeze,3k,2
undertone,11k,2
tut,11k,2
creep,2k,2
hint,3k,2
distant,3k,2
wind,1k,2
disappear,2k,2
pretend,2k,2
longitude,10k,2
burst,2k,2
pretty,1k,2
direct,2k,2
sensation,4k,2
throat,1k,2
start,1k,2
tread,5k,2
concert,3k,2
lone,2k,2
wet,1k,2
ferret,7k,2
feather,2k,2
spoon,4k,2
assemble,3k,2
mournful,9k,2
hate,1k,2
message,2k,2
dip,4k,2
wig,6k,2
cupboard,5k,2
rustle,6k,2
partner,2k,2
dinner,1k,2
cup,1k,2
stoop,6k,2
save,1k,2
jar,4k,2
scroll,6k,2
parchment,8k,2
soft,1k,2
crimson,7k,2
purr,8k,2
lazy,1k,2
authority,3k,2
ring,1k,2
fix,1k,2
occur,2k,2
comfit,22k,2
luck,1k,2
position,1k,2
forehead,4k,2
brush,2k,2
race,1k,2
absurd,4k,2
complain,2k,2
hide,1k,2
flat,1k,2
content,3k,2
shark,5k,2
closed,1k,2
law,1k,2
persist,3k,2
offer,1k,2
courtier,10k,2
triumph,3k,2
frog,2k,2
bishop,3k,2
knot,4k,2
ornament,5k,2
proceed,3k,2
earl,4k,2
pie,2k,2
ill,2k,2
pleasure,2k,2
kindly,2k,2
royal,2k,2
meek,8k,2
brown,1k,2
woman,1k,2
conclusion,3k,2
underneath,1k,2
neighbour,1k,2
front,1k,2
pencil,4k,2
drawl,7k,2
shy,1k,2
blast,3k,2
summer,1k,2
giddy,9k,2
sand,2k,2
flapper,15k,2
rave,6k,2
wag,7k,2
atom,3k,2
cushion,5k,2
salt,2k,2
bad,1k,2
shower,2k,2
pebble,6k,2
hit,1k,2
produce,2k,2
narrow,2k,2
thousand,1k,2
rapid,2k,2
safe,1k,2
mystery,2k,2
excellent,2k,2
flower,1k,2
tie,1k,2
maybe,1k,2
goose,5k,2
recover,2k,2
conquer,5k,2
conclude,3k,2
apple,2k,2
snatch,4k,2
raven,7k,2
wink,5k,2
rested,1k,2
wine,1k,2
month,1k,2
onion,2k,1
purple,2k,1
thunder,4k,1
push,1k,1
character,2k,1
oblong,11k,1
club,1k,1
trust,1k,1
obstacle,4k,1
act,1k,1
protect,1k,1
flutter,5k,1
secret,2k,1
laughter,3k,1
examine,2k,1
pattern,2k,1
pun,8k,1
afore,8k,1
meanwhile,3k,1
justly,6k,1
ripe,5k,1
gather,2k,1
boxed,4k,1
glare,4k,1
tinkle,10k,1
opposite,2k,1
clasp,5k,1
mischief,6k,1
ball,1k,1
reed,6k,1
affair,2k,1
cardboard,5k,1
shepherd,5k,1
ripple,5k,1
mallet,11k,1
honest,1k,1
ink,4k,1
evident,3k,1
merry,2k,1
clamour,7k,1
guilty,2k,1
involve,1k,1
velvet,5k,1
trickle,5k,1
clap,5k,1
meal,1k,1
diamond,4k,1
imitate,4k,1
lowed,15k,1
recognize,2k,1
cattle,3k,1
provoke,3k,1
marched,4k,1
roar,2k,1
chief,2k,1
gain,2k,1
cackle,9k,1
fidget,8k,1
deserve,2k,1
frontispiece,13k,1
cheek,2k,1
wear,1k,1
justice,2k,1
refresh,4k,1
form,1k,1
guard,2k,1
seal,2k,1
salmon,4k,1
chain,2k,1
arrive,1k,1
throne,5k,1
retire,2k,1
seat,1k,1
rights,1k,1
punch,2k,1
holiday,1k,1
accuse,2k,1
count,1k,1
penny,1k,1
reduce,2k,1
date,1k,1
ancient,3k,1
modern,2k,1
herald,5k,1
eleven,1k,1
muddle,7k,1
coil,5k,1
stiff,2k,1
classic,2k,1
grief,4k,1
spell,2k,1
breeze,4k,1
bind,2k,1
somersault,10k,1
gay,2k,1
soles,8k,1
disobey,10k,1
shrimp,5k,1
tremulous,12k,1
tide,2k,1
lark,8k,1
button,2k,1
beloved,5k,1
belt,2k,1
trim,4k,1
sugar,2k,1
bake,2k,1
journey,2k,1
purpose,2k,1
black,1k,1
scaly,12k,1
caper,9k,1
banquet,6k,1
yell,2k,1
ful,16k,1
dainty,9k,1
land,1k,1
tureen,13k,1
rich,1k,1
shingle,7k,1
gravy,7k,1
askance,13k,1
fork,4k,1
receive,2k,1
permit,3k,1
boon,8k,1
meat,2k,1
memorandum,6k,1
spot,1k,1
gaze,3k,1
shift,2k,1
flurry,7k,1
fumble,6k,1
affection,3k,1
vinegar,5k,1
sour,5k,1
camomile,17k,1
ache,3k,1
bitter,2k,1
stingy,12k,1
collar,4k,1
lower,2k,1
waist,4k,1
applause,5k,1
newspaper,2k,1
flock,4k,1
tip,2k,1
fade,3k,1
skirt,2k,1
vague,3k,1
nod,3k,1
overcome,3k,1
impertinent,11k,1
diligent,6k,1
shock,2k,1
emphasis,3k,1
search,2k,1
arrow,4k,1
engage,2k,1
dismay,5k,1
appeal,2k,1
globe,5k,1
remind,2k,1
sprawl,5k,1
mineral,4k,1
vegetable,2k,1
cheap,1k,1
ambition,4k,1
educate,1k,1
afford,1k,1
inquire,3k,1
reel,5k,1
writhe,8k,1
arithmetic,7k,1
ridiculous,2k,1
thin,2k,1
distract,4k,1
deride,6k,1
lift,1k,1
pace,3k,1
bold,4k,1
simpleton,15k,1
sink,2k,1
dunce,15k,1
link,3k,1
cost,1k,1
warn,2k,1
absence,3k,1
shade,2k,1
delay,3k,1
string,2k,1
bag,1k,1
sentencing,4k,1
calm,2k,1
company,1k,1
canvas,4k,1
chuckle,5k,1
ledge,6k,1
rock,1k,1
hollow,4k,1
favourite,1k,1
illustrate,2k,1
blame,2k,1
cling,4k,1
terrier,9k,1
farm,1k,1
hundred,1k,1
pound,1k,1
rat,2k,1
commotion,8k,1
draggle,23k,1
drip,4k,1
accustom,4k,1
consult,3k,1
familiar,2k,1
positive,2k,1
refuse,2k,1
cold,1k,1
favour,2k,1
pope,4k,1
vulgar,7k,1
nasty,2k,1
family,1k,1
bristle,6k,1
weep,4k,1
punish,2k,1
drown,4k,1
walrus,12k,1
hippo,11k,1
harm,2k,1
brother,1k,1
grammar,5k,1
inquisitive,9k,1
daresay,12k,1
estimate,3k,1
leap,2k,1
quiver,6k,1
soothe,5k,1
lick,4k,1
submit,3k,1
usurp,8k,1
lodge,3k,1
patience,4k,1
prosecute,3k,1
cur,14k,1
cunning,7k,1
condemn,3k,1
death,1k,1
insult,4k,1
daughter,1k,1
oyster,6k,1
conquest,6k,1
pet,2k,1
magpie,12k,1
wrap,2k,1
canary,10k,1
various,2k,1
pretext,9k,1
complete,1k,1
elegant,4k,1
accept,1k,1
despair,4k,1
circle,2k,1
shiver,2k,1
patriot,4k,1
worm,2k,1
atheling,25k,1
conduct,3k,1
moderate,3k,1
insolent,10k,1
adjourn,7k,1
adopt,3k,1
energy,2k,1
remedy,3k,1
titter,12k,1
audible,5k,1
incline,4k,1
winter,1k,1
station,1k,1
spade,7k,1
engrave,5k,1
milk,1k,1
centre,1k,1
practise,2k,1
antipathy,10k,1
country,1k,1
curtsy,11k,1
ignorant,6k,1
saucer,7k,1
heap,2k,1
disagree,3k,1
overhead,4k,1
light,1k,1
lamp,2k,1
solid,2k,1
curtain,3k,1
print,2k,1
poke,4k,1
brave,2k,1
past,1k,1
empty,1k,1
disappoint,2k,1
millennium,5k,1
fulcrum,13k,1
daisy,8k,1
pink,2k,1
actual,1k,1
flash,2k,1
field,1k,1
pop,1k,1
tunnel,3k,1
plenty,1k,1
map,2k,1
peg,6k,1
shelf,2k,1
orange,1k,1
marmalade,10k,1
bleed,2k,1
flavour,3k,1
machine,1k,1
welcome,2k,1
dress,1k,1
thirteen,1k,1
multiply,4k,1
geography,3k,1
crocodile,7k,1
improve,2k,1
scale,2k,1
poky,14k,1
custard,8k,1
toy,2k,1
measure,2k,1
avoid,2k,1
exist,2k,1
speed,2k,1
coast,2k,1
bathe,4k,1
splendid,5k,1
gallon,4k,1
shed,2k,1
fend,5k,1
roast,4k,1
toffee,11k,1
toast,2k,1
flame,2k,1
plain,2k,1
climb,1k,1
slippery,6k,1
seldom,4k,1
scold,7k,1
cheat,2k,1
currant,10k,1
stocking,5k,1
christmas,1k,1
odd,1k,1
esquire,8k,1
brass,4k,1
lest,7k,1
jog,5k,1
violence,3k,1
skim,6k,1
graze,4k,1
crazy,1k,1
vary,2k,1
stool,5k,1
alternate,4k,1
hearth,7k,1
agony,4k,1
rough,1k,1
terror,3k,1
axis,5k,1
axe,4k,1
chop,2k,1
glance,1k,1
bother,1k,1
abide,6k,1
tomorrow,1k,1
kettle,6k,1
inside,1k,1
powder,3k,1
zigzag,11k,1
dive,2k,1
hiss,5k,1
wing,2k,1
subdue,6k,1
root,2k,1
hatch,4k,1
sorry,1k,1
wriggle,7k,1
raw,3k,1
nest,2k,1
crouch,5k,1
wit,4k,1
rap,4k,1
knuckle,6k,1
lullaby,12k,1
tease,2k,1
curve,3k,1
consent,3k,1
slight,1k,1
weary,4k,1
term,1k,1
bawl,10k,1
vote,2k,1
propose,2k,1
opinion,2k,1
clean,1k,1
enjoy,1k,1
willing,1k,1
moon,2k,1
memory,2k,1
disgust,2k,1
today,1k,1
entrance,3k,1
red,1k,1
gloom,4k,1
grumble,6k,1
toward,1k,1
thatch,8k,1
snort,6k,1
tight,1k,1
prevent,2k,1
snout,10k,1
serious,1k,1
relieve,3k,1
handsome,4k,1
bough,9k,1
yards,1k,1
tooth,1k,1
puss,8k,1
depend,1k,1
visit,1k,1
grant,2k,1
therefore,2k,1
grace,2k,1
result,2k,1
tidy,5k,1
spite,5k,1
fluster,10k,1
thick,1k,1
arrange,1k,1
peered,4k,1
enormous,2k,1
touch,1k,1
terrible,1k,1
whereupon,9k,1
trick,2k,1
yelp,9k,1
dodge,5k,1
heel,3k,1
trample,7k,1
series,2k,1
charge,1k,1
forward,1k,1
brandy,6k,1
scramble,4k,1
scratch,2k,1
nay,8k,1
nevertheless,3k,1
cork,7k,1
lip,1k,1
ceiling,2k,1
resource,3k,1
magic,2k,1
fool,2k,1
failure,3k,1
pronounce,2k,1
coward,7k,1
rumble,5k,1
ladder,4k,1
lad,5k,1
rope,2k,1
loose,2k,1
buttercup,13k,1
blade,4k,1
stalk,5k,1
balance,2k,1
tough,2k,1
suet,15k,1
beak,7k,1
wife,1k,1
muscular,6k,1
strength,2k,1
steady,2k,1
awful,1k,1
circumstance,2k,1
alter,2k,1
contradict,3k,1
rear,3k,1
upright,5k,1
morsel,10k,1
immense,4k,1
length,2k,1
ointment,10k,1
supple,8k,1
limb,4k,1
grey,1k,1
blue,1k,1
languid,9k,1
stern,4k,1
chrysalis,12k,1
butterfly,4k,1
irritate,4k,1
state,1k,1
puff,5k,1
bee,2k,1
incessant,8k,1
son,1k,1
injure,2k,1
brain,2k,1
fat,1k,1
sage,6k,1
joy,2k,1
